timestamp,sensor_id,value,unit
2026-05-01 08:00:00,temperature,25.77,摄氏度
2026-05-01 08:00:00,pressure,0.92,MPa
2026-05-01 08:00:00,vibration,4.78,mm/s
2026-05-01 08:01:00,temperature,29.75,摄氏度
2026-05-01 08:01:00,pressure,0.84,MPa
2026-05-01 08:01:00,vibration,1.24,mm/s
2026-05-01 08:02:00,temperature,22.43,摄氏度
2026-05-01 08:02:00,pressure,0.99,MPa
2026-05-01 08:02:00,vibration,0.01,mm/s
2026-05-01 08:03:00,temperature,31.57,摄氏度
2026-05-01 08:03:00,pressure,1.05,MPa
2026-05-01 08:03:00,vibration,1.69,mm/s
2026-05-01 08:04:00,temperature,23.35,摄氏度
2026-05-01 08:04:00,pressure,0.99,MPa
2026-05-01 08:04:00,vibration,1.79,mm/s
2026-05-01 08:05:00,temperature,27.4,摄氏度
2026-05-01 08:05:00,pressure,0.95,MPa
2026-05-01 08:05:00,vibration,0.94,mm/s
2026-05-01 08:06:00,temperature,22.26,摄氏度
2026-05-01 08:06:00,pressure,1.04,MPa
2026-05-01 08:06:00,vibration,2.79,mm/s
2026-05-01 08:07:00,temperature,24.33,摄氏度
2026-05-01 08:07:00,pressure,1.02,MPa
2026-05-01 08:07:00,vibration,2.81,mm/s
2026-05-01 08:08:00,temperature,27.44,摄氏度
2026-05-01 08:08:00,pressure,1.08,MPa
2026-05-01 08:08:00,vibration,4.92,mm/s
2026-05-01 08:09:00,temperature,27.74,摄氏度
2026-05-01 08:09:00,pressure,1.04,MPa
2026-05-01 08:09:00,vibration,3.97,mm/s
2026-05-01 08:10:00,temperature,34.07,摄氏度
2026-05-01 08:10:00,pressure,1.18,MPa
2026-05-01 08:10:00,vibration,2.54,mm/s
2026-05-01 08:11:00,temperature,30.94,摄氏度
2026-05-01 08:11:00,pressure,0.81,MPa
2026-05-01 08:11:00,vibration,0.81,mm/s
2026-05-01 08:12:00,temperature,21.44,摄氏度
2026-05-01 08:12:00,pressure,0.89,MPa
2026-05-01 08:12:00,vibration,0.13,mm/s
2026-05-01 08:13:00,temperature,24.64,摄氏度
2026-05-01 08:13:00,pressure,1.05,MPa
2026-05-01 08:13:00,vibration,1.17,mm/s
2026-05-01 08:14:00,temperature,20.84,摄氏度
2026-05-01 08:14:00,pressure,1.04,MPa
2026-05-01 08:14:00,vibration,2.66,mm/s
2026-05-01 08:15:00,temperature,31.47,摄氏度
2026-05-01 08:15:00,pressure,0.97,MPa
2026-05-01 08:15:00,vibration,1.6,mm/s
2026-05-01 08:16:00,temperature,24.76,摄氏度
2026-05-01 08:16:00,pressure,2.1,MPa
2026-05-01 08:16:00,vibration,2.87,mm/s
2026-05-01 08:17:00,temperature,29.64,摄氏度
2026-05-01 08:17:00,pressure,2.43,MPa
2026-05-01 08:17:00,vibration,2.13,mm/s
2026-05-01 08:18:00,temperature,30.2,摄氏度
2026-05-01 08:18:00,pressure,1.07,MPa
2026-05-01 08:18:00,vibration,3.57,mm/s
2026-05-01 08:19:00,temperature,33.4,摄氏度
2026-05-01 08:19:00,pressure,2.72,MPa
2026-05-01 08:19:00,vibration,4.95,mm/s
2026-05-01 08:20:00,temperature,29.17,摄氏度
2026-05-01 08:20:00,pressure,1.16,MPa
2026-05-01 08:20:00,vibration,0.18,mm/s
2026-05-01 08:21:00,temperature,27.62,摄氏度
2026-05-01 08:21:00,pressure,0.85,MPa
2026-05-01 08:21:00,vibration,2.4,mm/s
2026-05-01 08:22:00,temperature,33.53,摄氏度
2026-05-01 08:22:00,pressure,2.45,MPa
2026-05-01 08:22:00,vibration,4.62,mm/s
2026-05-01 08:23:00,temperature,23.79,摄氏度
2026-05-01 08:23:00,pressure,1.1,MPa
2026-05-01 08:23:00,vibration,4.63,mm/s
2026-05-01 08:24:00,temperature,30.53,摄氏度
2026-05-01 08:24:00,pressure,0.85,MPa
2026-05-01 08:24:00,vibration,4.56,mm/s
2026-05-01 08:25:00,temperature,84.0,摄氏度
2026-05-01 08:25:00,pressure,0.94,MPa
2026-05-01 08:25:00,vibration,2.11,mm/s
2026-05-01 08:26:00,temperature,28.67,摄氏度
2026-05-01 08:26:00,pressure,1.15,MPa
2026-05-01 08:26:00,vibration,2.49,mm/s
2026-05-01 08:27:00,temperature,20.65,摄氏度
2026-05-01 08:27:00,pressure,0.9,MPa
2026-05-01 08:27:00,vibration,0.56,mm/s
2026-05-01 08:28:00,temperature,28.45,摄氏度
2026-05-01 08:28:00,pressure,0.87,MPa
2026-05-01 08:28:00,vibration,2.34,mm/s
2026-05-01 08:29:00,temperature,34.82,摄氏度
2026-05-01 08:29:00,pressure,0.94,MPa
2026-05-01 08:29:00,vibration,1.01,mm/s
2026-05-01 08:30:00,temperature,21.08,摄氏度
2026-05-01 08:30:00,pressure,1.12,MPa
2026-05-01 08:30:00,vibration,0.84,mm/s
2026-05-01 08:31:00,temperature,31.86,摄氏度
2026-05-01 08:31:00,pressure,1.19,MPa
2026-05-01 08:31:00,vibration,0.98,mm/s
2026-05-01 08:32:00,temperature,24.72,摄氏度
2026-05-01 08:32:00,pressure,1.09,MPa
2026-05-01 08:32:00,vibration,3.04,mm/s
2026-05-01 08:33:00,temperature,29.72,摄氏度
2026-05-01 08:33:00,pressure,0.88,MPa
2026-05-01 08:33:00,vibration,2.04,mm/s
2026-05-01 08:34:00,temperature,31.83,摄氏度
2026-05-01 08:34:00,pressure,1.01,MPa
2026-05-01 08:34:00,vibration,1.88,mm/s
2026-05-01 08:35:00,temperature,33.56,摄氏度
2026-05-01 08:35:00,pressure,1.08,MPa
2026-05-01 08:35:00,vibration,4.77,mm/s
2026-05-01 08:36:00,temperature,28.22,摄氏度
2026-05-01 08:36:00,pressure,1.18,MPa
2026-05-01 08:36:00,vibration,0.21,mm/s
2026-05-01 08:37:00,temperature,29.67,摄氏度
2026-05-01 08:37:00,pressure,0.89,MPa
2026-05-01 08:37:00,vibration,4.13,mm/s
2026-05-01 08:38:00,temperature,28.95,摄氏度
2026-05-01 08:38:00,pressure,1.07,MPa
2026-05-01 08:38:00,vibration,1.93,mm/s
2026-05-01 08:39:00,temperature,33.83,摄氏度
2026-05-01 08:39:00,pressure,1.19,MPa
2026-05-01 08:39:00,vibration,3.38,mm/s
2026-05-01 08:40:00,temperature,31.69,摄氏度
2026-05-01 08:40:00,pressure,1.19,MPa
2026-05-01 08:40:00,vibration,3.82,mm/s
2026-05-01 08:41:00,temperature,25.81,摄氏度
2026-05-01 08:41:00,pressure,1.06,MPa
2026-05-01 08:41:00,vibration,3.7,mm/s
2026-05-01 08:42:00,temperature,23.94,摄氏度
2026-05-01 08:42:00,pressure,0.96,MPa
2026-05-01 08:42:00,vibration,4.7,mm/s
2026-05-01 08:43:00,temperature,27.61,摄氏度
2026-05-01 08:43:00,pressure,1.0,MPa
2026-05-01 08:43:00,vibration,3.17,mm/s
2026-05-01 08:44:00,temperature,33.24,摄氏度
2026-05-01 08:44:00,pressure,1.17,MPa
2026-05-01 08:44:00,vibration,3.15,mm/s
2026-05-01 08:45:00,temperature,34.6,摄氏度
2026-05-01 08:45:00,pressure,1.1,MPa
2026-05-01 08:45:00,vibration,2.01,mm/s
2026-05-01 08:46:00,temperature,23.27,摄氏度
2026-05-01 08:46:00,pressure,0.89,MPa
2026-05-01 08:46:00,vibration,3.2,mm/s
2026-05-01 08:47:00,temperature,32.0,摄氏度
2026-05-01 08:47:00,pressure,0.93,MPa
2026-05-01 08:47:00,vibration,19.21,mm/s
2026-05-01 08:48:00,temperature,28.93,摄氏度
2026-05-01 08:48:00,pressure,0.96,MPa
2026-05-01 08:48:00,vibration,1.87,mm/s
2026-05-01 08:49:00,temperature,26.44,摄氏度
2026-05-01 08:49:00,pressure,1.14,MPa
2026-05-01 08:49:00,vibration,0.76,mm/s
2026-05-01 08:50:00,temperature,22.17,摄氏度
2026-05-01 08:50:00,pressure,0.99,MPa
2026-05-01 08:50:00,vibration,4.13,mm/s
2026-05-01 08:51:00,temperature,25.61,摄氏度
2026-05-01 08:51:00,pressure,1.15,MPa
2026-05-01 08:51:00,vibration,0.7,mm/s
2026-05-01 08:52:00,temperature,23.35,摄氏度
2026-05-01 08:52:00,pressure,2.1,MPa
2026-05-01 08:52:00,vibration,0.82,mm/s
2026-05-01 08:53:00,temperature,24.55,摄氏度
2026-05-01 08:53:00,pressure,0.95,MPa
2026-05-01 08:53:00,vibration,1.31,mm/s
2026-05-01 08:54:00,temperature,22.64,摄氏度
2026-05-01 08:54:00,pressure,1.12,MPa
2026-05-01 08:54:00,vibration,2.27,mm/s
2026-05-01 08:55:00,temperature,24.3,摄氏度
2026-05-01 08:55:00,pressure,1.13,MPa
2026-05-01 08:55:00,vibration,3.9,mm/s
2026-05-01 08:56:00,temperature,33.42,摄氏度
2026-05-01 08:56:00,pressure,1.07,MPa
2026-05-01 08:56:00,vibration,0.99,mm/s
2026-05-01 08:57:00,temperature,23.22,摄氏度
2026-05-01 08:57:00,pressure,2.24,MPa
2026-05-01 08:57:00,vibration,1.13,mm/s
2026-05-01 08:58:00,temperature,27.36,摄氏度
2026-05-01 08:58:00,pressure,0.83,MPa
2026-05-01 08:58:00,vibration,3.61,mm/s
2026-05-01 08:59:00,temperature,25.5,摄氏度
2026-05-01 08:59:00,pressure,0.87,MPa
2026-05-01 08:59:00,vibration,0.34,mm/s
2026-05-01 09:00:00,temperature,28.35,摄氏度
2026-05-01 09:00:00,pressure,1.2,MPa
2026-05-01 09:00:00,vibration,1.09,mm/s
2026-05-01 09:01:00,temperature,28.03,摄氏度
2026-05-01 09:01:00,pressure,1.11,MPa
2026-05-01 09:01:00,vibration,1.08,mm/s
2026-05-01 09:02:00,temperature,27.42,摄氏度
2026-05-01 09:02:00,pressure,0.86,MPa
2026-05-01 09:02:00,vibration,3.28,mm/s
2026-05-01 09:03:00,temperature,23.69,摄氏度
2026-05-01 09:03:00,pressure,0.97,MPa
2026-05-01 09:03:00,vibration,1.79,mm/s
2026-05-01 09:04:00,temperature,28.9,摄氏度
2026-05-01 09:04:00,pressure,1.06,MPa
2026-05-01 09:04:00,vibration,4.48,mm/s
2026-05-01 09:05:00,temperature,25.25,摄氏度
2026-05-01 09:05:00,pressure,1.14,MPa
2026-05-01 09:05:00,vibration,2.47,mm/s
2026-05-01 09:06:00,temperature,31.58,摄氏度
2026-05-01 09:06:00,pressure,0.92,MPa
2026-05-01 09:06:00,vibration,0.66,mm/s
2026-05-01 09:07:00,temperature,28.79,摄氏度
2026-05-01 09:07:00,pressure,0.92,MPa
2026-05-01 09:07:00,vibration,0.33,mm/s
2026-05-01 09:08:00,temperature,20.44,摄氏度
2026-05-01 09:08:00,pressure,1.08,MPa
2026-05-01 09:08:00,vibration,0.08,mm/s
2026-05-01 09:09:00,temperature,23.28,摄氏度
2026-05-01 09:09:00,pressure,1.1,MPa
2026-05-01 09:09:00,vibration,3.0,mm/s
2026-05-01 09:10:00,temperature,20.07,摄氏度
2026-05-01 09:10:00,pressure,0.89,MPa
2026-05-01 09:10:00,vibration,0.89,mm/s
2026-05-01 09:11:00,temperature,34.11,摄氏度
2026-05-01 09:11:00,pressure,1.02,MPa
2026-05-01 09:11:00,vibration,4.93,mm/s
2026-05-01 09:12:00,temperature,31.09,摄氏度
2026-05-01 09:12:00,pressure,1.07,MPa
2026-05-01 09:12:00,vibration,2.65,mm/s
2026-05-01 09:13:00,temperature,20.25,摄氏度
2026-05-01 09:13:00,pressure,0.89,MPa
2026-05-01 09:13:00,vibration,4.95,mm/s
2026-05-01 09:14:00,temperature,33.08,摄氏度
2026-05-01 09:14:00,pressure,0.86,MPa
2026-05-01 09:14:00,vibration,0.96,mm/s
2026-05-01 09:15:00,temperature,33.1,摄氏度
2026-05-01 09:15:00,pressure,0.93,MPa
2026-05-01 09:15:00,vibration,0.84,mm/s
2026-05-01 09:16:00,temperature,20.64,摄氏度
2026-05-01 09:16:00,pressure,1.16,MPa
2026-05-01 09:16:00,vibration,0.22,mm/s
2026-05-01 09:17:00,temperature,25.71,摄氏度
2026-05-01 09:17:00,pressure,1.15,MPa
2026-05-01 09:17:00,vibration,3.33,mm/s
2026-05-01 09:18:00,temperature,24.37,摄氏度
2026-05-01 09:18:00,pressure,0.99,MPa
2026-05-01 09:18:00,vibration,1.84,mm/s
2026-05-01 09:19:00,temperature,23.67,摄氏度
2026-05-01 09:19:00,pressure,0.86,MPa
2026-05-01 09:19:00,vibration,1.37,mm/s
2026-05-01 09:20:00,temperature,31.76,摄氏度
2026-05-01 09:20:00,pressure,1.14,MPa
2026-05-01 09:20:00,vibration,2.4,mm/s
2026-05-01 09:21:00,temperature,28.0,摄氏度
2026-05-01 09:21:00,pressure,0.99,MPa
2026-05-01 09:21:00,vibration,3.24,mm/s
2026-05-01 09:22:00,temperature,31.7,摄氏度
2026-05-01 09:22:00,pressure,0.85,MPa
2026-05-01 09:22:00,vibration,0.2,mm/s
2026-05-01 09:23:00,temperature,22.55,摄氏度
2026-05-01 09:23:00,pressure,1.02,MPa
2026-05-01 09:23:00,vibration,3.26,mm/s
2026-05-01 09:24:00,temperature,31.91,摄氏度
2026-05-01 09:24:00,pressure,0.87,MPa
2026-05-01 09:24:00,vibration,0.1,mm/s
2026-05-01 09:25:00,temperature,34.25,摄氏度
2026-05-01 09:25:00,pressure,0.96,MPa
2026-05-01 09:25:00,vibration,3.42,mm/s
2026-05-01 09:26:00,temperature,23.33,摄氏度
2026-05-01 09:26:00,pressure,0.98,MPa
2026-05-01 09:26:00,vibration,4.76,mm/s
2026-05-01 09:27:00,temperature,31.65,摄氏度
2026-05-01 09:27:00,pressure,1.0,MPa
2026-05-01 09:27:00,vibration,0.31,mm/s
2026-05-01 09:28:00,temperature,30.54,摄氏度
2026-05-01 09:28:00,pressure,1.04,MPa
2026-05-01 09:28:00,vibration,1.1,mm/s
2026-05-01 09:29:00,temperature,33.39,摄氏度
2026-05-01 09:29:00,pressure,0.87,MPa
2026-05-01 09:29:00,vibration,4.85,mm/s
2026-05-01 09:30:00,temperature,23.77,摄氏度
2026-05-01 09:30:00,pressure,0.83,MPa
2026-05-01 09:30:00,vibration,0.62,mm/s
2026-05-01 09:31:00,temperature,25.21,摄氏度
2026-05-01 09:31:00,pressure,0.94,MPa
2026-05-01 09:31:00,vibration,2.59,mm/s
2026-05-01 09:32:00,temperature,33.19,摄氏度
2026-05-01 09:32:00,pressure,0.97,MPa
2026-05-01 09:32:00,vibration,3.12,mm/s
2026-05-01 09:33:00,temperature,32.47,摄氏度
2026-05-01 09:33:00,pressure,0.98,MPa
2026-05-01 09:33:00,vibration,2.71,mm/s
2026-05-01 09:34:00,temperature,21.04,摄氏度
2026-05-01 09:34:00,pressure,0.84,MPa
2026-05-01 09:34:00,vibration,3.2,mm/s
2026-05-01 09:35:00,temperature,33.34,摄氏度
2026-05-01 09:35:00,pressure,1.1,MPa
2026-05-01 09:35:00,vibration,2.69,mm/s
2026-05-01 09:36:00,temperature,22.39,摄氏度
2026-05-01 09:36:00,pressure,0.93,MPa
2026-05-01 09:36:00,vibration,4.72,mm/s
2026-05-01 09:37:00,temperature,95.32,摄氏度
2026-05-01 09:37:00,pressure,1.09,MPa
2026-05-01 09:37:00,vibration,4.15,mm/s
2026-05-01 09:38:00,temperature,88.58,摄氏度
2026-05-01 09:38:00,pressure,0.9,MPa
2026-05-01 09:38:00,vibration,2.95,mm/s
2026-05-01 09:39:00,temperature,22.94,摄氏度
2026-05-01 09:39:00,pressure,2.09,MPa
2026-05-01 09:39:00,vibration,0.75,mm/s
2026-05-01 09:40:00,temperature,20.3,摄氏度
2026-05-01 09:40:00,pressure,0.94,MPa
2026-05-01 09:40:00,vibration,2.41,mm/s
2026-05-01 09:41:00,temperature,29.5,摄氏度
2026-05-01 09:41:00,pressure,0.94,MPa
2026-05-01 09:41:00,vibration,1.06,mm/s
2026-05-01 09:42:00,temperature,21.79,摄氏度
2026-05-01 09:42:00,pressure,1.08,MPa
2026-05-01 09:42:00,vibration,3.22,mm/s
2026-05-01 09:43:00,temperature,21.06,摄氏度
2026-05-01 09:43:00,pressure,1.18,MPa
2026-05-01 09:43:00,vibration,3.6,mm/s
2026-05-01 09:44:00,temperature,34.36,摄氏度
2026-05-01 09:44:00,pressure,0.84,MPa
2026-05-01 09:44:00,vibration,4.08,mm/s
2026-05-01 09:45:00,temperature,32.58,摄氏度
2026-05-01 09:45:00,pressure,1.14,MPa
2026-05-01 09:45:00,vibration,1.38,mm/s
2026-05-01 09:46:00,temperature,24.39,摄氏度
2026-05-01 09:46:00,pressure,0.89,MPa
2026-05-01 09:46:00,vibration,4.92,mm/s
2026-05-01 09:47:00,temperature,29.05,摄氏度
2026-05-01 09:47:00,pressure,1.16,MPa
2026-05-01 09:47:00,vibration,1.09,mm/s
2026-05-01 09:48:00,temperature,23.99,摄氏度
2026-05-01 09:48:00,pressure,1.08,MPa
2026-05-01 09:48:00,vibration,3.46,mm/s
2026-05-01 09:49:00,temperature,30.91,摄氏度
2026-05-01 09:49:00,pressure,1.11,MPa
2026-05-01 09:49:00,vibration,2.58,mm/s
2026-05-01 09:50:00,temperature,30.25,摄氏度
2026-05-01 09:50:00,pressure,1.09,MPa
2026-05-01 09:50:00,vibration,4.44,mm/s
2026-05-01 09:51:00,temperature,25.83,摄氏度
2026-05-01 09:51:00,pressure,0.94,MPa
2026-05-01 09:51:00,vibration,2.67,mm/s
2026-05-01 09:52:00,temperature,24.53,摄氏度
2026-05-01 09:52:00,pressure,0.93,MPa
2026-05-01 09:52:00,vibration,2.5,mm/s
2026-05-01 09:53:00,temperature,24.56,摄氏度
2026-05-01 09:53:00,pressure,1.13,MPa
2026-05-01 09:53:00,vibration,1.24,mm/s
2026-05-01 09:54:00,temperature,28.35,摄氏度
2026-05-01 09:54:00,pressure,1.04,MPa
2026-05-01 09:54:00,vibration,0.32,mm/s
2026-05-01 09:55:00,temperature,33.26,摄氏度
2026-05-01 09:55:00,pressure,0.91,MPa
2026-05-01 09:55:00,vibration,2.66,mm/s
2026-05-01 09:56:00,temperature,22.19,摄氏度
2026-05-01 09:56:00,pressure,0.81,MPa
2026-05-01 09:56:00,vibration,3.27,mm/s
2026-05-01 09:57:00,temperature,24.95,摄氏度
2026-05-01 09:57:00,pressure,0.96,MPa
2026-05-01 09:57:00,vibration,2.66,mm/s
2026-05-01 09:58:00,temperature,33.61,摄氏度
2026-05-01 09:58:00,pressure,1.19,MPa
2026-05-01 09:58:00,vibration,1.75,mm/s
2026-05-01 09:59:00,temperature,28.2,摄氏度
2026-05-01 09:59:00,pressure,0.96,MPa
2026-05-01 09:59:00,vibration,3.25,mm/s
2026-05-01 10:00:00,temperature,23.79,摄氏度
2026-05-01 10:00:00,pressure,1.03,MPa
2026-05-01 10:00:00,vibration,1.59,mm/s
2026-05-01 10:01:00,temperature,32.53,摄氏度
2026-05-01 10:01:00,pressure,0.99,MPa
2026-05-01 10:01:00,vibration,0.37,mm/s
2026-05-01 10:02:00,temperature,24.26,摄氏度
2026-05-01 10:02:00,pressure,0.85,MPa
2026-05-01 10:02:00,vibration,1.87,mm/s
2026-05-01 10:03:00,temperature,20.11,摄氏度
2026-05-01 10:03:00,pressure,0.9,MPa
2026-05-01 10:03:00,vibration,2.88,mm/s
2026-05-01 10:04:00,temperature,21.83,摄氏度
2026-05-01 10:04:00,pressure,0.98,MPa
2026-05-01 10:04:00,vibration,2.16,mm/s
2026-05-01 10:05:00,temperature,31.35,摄氏度
2026-05-01 10:05:00,pressure,3.0,MPa
2026-05-01 10:05:00,vibration,3.83,mm/s
2026-05-01 10:06:00,temperature,21.29,摄氏度
2026-05-01 10:06:00,pressure,2.1,MPa
2026-05-01 10:06:00,vibration,4.4,mm/s
2026-05-01 10:07:00,temperature,27.65,摄氏度
2026-05-01 10:07:00,pressure,1.13,MPa
2026-05-01 10:07:00,vibration,4.09,mm/s
2026-05-01 10:08:00,temperature,31.66,摄氏度
2026-05-01 10:08:00,pressure,1.16,MPa
2026-05-01 10:08:00,vibration,3.46,mm/s
2026-05-01 10:09:00,temperature,28.81,摄氏度
2026-05-01 10:09:00,pressure,1.06,MPa
2026-05-01 10:09:00,vibration,4.6,mm/s
2026-05-01 10:10:00,temperature,22.35,摄氏度
2026-05-01 10:10:00,pressure,0.97,MPa
2026-05-01 10:10:00,vibration,4.21,mm/s
2026-05-01 10:11:00,temperature,21.03,摄氏度
2026-05-01 10:11:00,pressure,1.2,MPa
2026-05-01 10:11:00,vibration,4.81,mm/s
2026-05-01 10:12:00,temperature,22.22,摄氏度
2026-05-01 10:12:00,pressure,0.85,MPa
2026-05-01 10:12:00,vibration,1.38,mm/s
2026-05-01 10:13:00,temperature,31.44,摄氏度
2026-05-01 10:13:00,pressure,0.93,MPa
2026-05-01 10:13:00,vibration,2.06,mm/s
2026-05-01 10:14:00,temperature,32.7,摄氏度
2026-05-01 10:14:00,pressure,0.94,MPa
2026-05-01 10:14:00,vibration,0.16,mm/s
2026-05-01 10:15:00,temperature,26.29,摄氏度
2026-05-01 10:15:00,pressure,1.16,MPa
2026-05-01 10:15:00,vibration,2.23,mm/s
2026-05-01 10:16:00,temperature,32.53,摄氏度
2026-05-01 10:16:00,pressure,1.01,MPa
2026-05-01 10:16:00,vibration,2.98,mm/s
2026-05-01 10:17:00,temperature,25.92,摄氏度
2026-05-01 10:17:00,pressure,0.99,MPa
2026-05-01 10:17:00,vibration,0.68,mm/s
2026-05-01 10:18:00,temperature,29.4,摄氏度
2026-05-01 10:18:00,pressure,0.86,MPa
2026-05-01 10:18:00,vibration,2.42,mm/s
2026-05-01 10:19:00,temperature,30.98,摄氏度
2026-05-01 10:19:00,pressure,0.96,MPa
2026-05-01 10:19:00,vibration,1.28,mm/s
2026-05-01 10:20:00,temperature,29.42,摄氏度
2026-05-01 10:20:00,pressure,0.99,MPa
2026-05-01 10:20:00,vibration,2.85,mm/s
2026-05-01 10:21:00,temperature,33.49,摄氏度
2026-05-01 10:21:00,pressure,1.16,MPa
2026-05-01 10:21:00,vibration,2.65,mm/s
2026-05-01 10:22:00,temperature,21.72,摄氏度
2026-05-01 10:22:00,pressure,0.85,MPa
2026-05-01 10:22:00,vibration,3.98,mm/s
2026-05-01 10:23:00,temperature,29.85,摄氏度
2026-05-01 10:23:00,pressure,1.02,MPa
2026-05-01 10:23:00,vibration,0.26,mm/s
2026-05-01 10:24:00,temperature,33.86,摄氏度
2026-05-01 10:24:00,pressure,0.87,MPa
2026-05-01 10:24:00,vibration,3.65,mm/s
2026-05-01 10:25:00,temperature,25.03,摄氏度
2026-05-01 10:25:00,pressure,0.91,MPa
2026-05-01 10:25:00,vibration,0.7,mm/s
2026-05-01 10:26:00,temperature,34.19,摄氏度
2026-05-01 10:26:00,pressure,2.4,MPa
2026-05-01 10:26:00,vibration,3.59,mm/s
2026-05-01 10:27:00,temperature,32.61,摄氏度
2026-05-01 10:27:00,pressure,1.01,MPa
2026-05-01 10:27:00,vibration,4.13,mm/s
2026-05-01 10:28:00,temperature,34.67,摄氏度
2026-05-01 10:28:00,pressure,0.87,MPa
2026-05-01 10:28:00,vibration,2.32,mm/s
2026-05-01 10:29:00,temperature,20.1,摄氏度
2026-05-01 10:29:00,pressure,1.03,MPa
2026-05-01 10:29:00,vibration,4.93,mm/s
2026-05-01 10:30:00,temperature,33.05,摄氏度
2026-05-01 10:30:00,pressure,0.94,MPa
2026-05-01 10:30:00,vibration,0.94,mm/s
2026-05-01 10:31:00,temperature,22.72,摄氏度
2026-05-01 10:31:00,pressure,0.93,MPa
2026-05-01 10:31:00,vibration,0.02,mm/s
2026-05-01 10:32:00,temperature,26.21,摄氏度
2026-05-01 10:32:00,pressure,1.09,MPa
2026-05-01 10:32:00,vibration,2.05,mm/s
2026-05-01 10:33:00,temperature,22.16,摄氏度
2026-05-01 10:33:00,pressure,1.0,MPa
2026-05-01 10:33:00,vibration,4.6,mm/s
2026-05-01 10:34:00,temperature,30.73,摄氏度
2026-05-01 10:34:00,pressure,0.85,MPa
2026-05-01 10:34:00,vibration,2.33,mm/s
2026-05-01 10:35:00,temperature,21.3,摄氏度
2026-05-01 10:35:00,pressure,1.16,MPa
2026-05-01 10:35:00,vibration,0.31,mm/s
2026-05-01 10:36:00,temperature,34.34,摄氏度
2026-05-01 10:36:00,pressure,1.18,MPa
2026-05-01 10:36:00,vibration,3.81,mm/s
2026-05-01 10:37:00,temperature,26.07,摄氏度
2026-05-01 10:37:00,pressure,1.12,MPa
2026-05-01 10:37:00,vibration,1.4,mm/s
2026-05-01 10:38:00,temperature,84.68,摄氏度
2026-05-01 10:38:00,pressure,0.87,MPa
2026-05-01 10:38:00,vibration,4.53,mm/s
2026-05-01 10:39:00,temperature,23.53,摄氏度
2026-05-01 10:39:00,pressure,1.19,MPa
2026-05-01 10:39:00,vibration,2.54,mm/s
2026-05-01 10:40:00,temperature,29.19,摄氏度
2026-05-01 10:40:00,pressure,0.81,MPa
2026-05-01 10:40:00,vibration,0.87,mm/s
2026-05-01 10:41:00,temperature,30.01,摄氏度
2026-05-01 10:41:00,pressure,1.04,MPa
2026-05-01 10:41:00,vibration,0.25,mm/s
2026-05-01 10:42:00,temperature,30.27,摄氏度
2026-05-01 10:42:00,pressure,0.89,MPa
2026-05-01 10:42:00,vibration,4.82,mm/s
2026-05-01 10:43:00,temperature,20.51,摄氏度
2026-05-01 10:43:00,pressure,1.18,MPa
2026-05-01 10:43:00,vibration,3.32,mm/s
2026-05-01 10:44:00,temperature,23.39,摄氏度
2026-05-01 10:44:00,pressure,1.01,MPa
2026-05-01 10:44:00,vibration,3.11,mm/s
2026-05-01 10:45:00,temperature,34.71,摄氏度
2026-05-01 10:45:00,pressure,1.13,MPa
2026-05-01 10:45:00,vibration,4.05,mm/s
2026-05-01 10:46:00,temperature,28.55,摄氏度
2026-05-01 10:46:00,pressure,0.86,MPa
2026-05-01 10:46:00,vibration,0.64,mm/s
2026-05-01 10:47:00,temperature,26.92,摄氏度
2026-05-01 10:47:00,pressure,1.0,MPa
2026-05-01 10:47:00,vibration,1.55,mm/s
2026-05-01 10:48:00,temperature,33.81,摄氏度
2026-05-01 10:48:00,pressure,1.08,MPa
2026-05-01 10:48:00,vibration,2.87,mm/s
2026-05-01 10:49:00,temperature,28.62,摄氏度
2026-05-01 10:49:00,pressure,1.02,MPa
2026-05-01 10:49:00,vibration,1.26,mm/s
2026-05-01 10:50:00,temperature,31.19,摄氏度
2026-05-01 10:50:00,pressure,0.82,MPa
2026-05-01 10:50:00,vibration,0.92,mm/s
2026-05-01 10:51:00,temperature,23.0,摄氏度
2026-05-01 10:51:00,pressure,1.03,MPa
2026-05-01 10:51:00,vibration,23.37,mm/s
2026-05-01 10:52:00,temperature,30.05,摄氏度
2026-05-01 10:52:00,pressure,0.85,MPa
2026-05-01 10:52:00,vibration,3.57,mm/s
2026-05-01 10:53:00,temperature,90.06,摄氏度
2026-05-01 10:53:00,pressure,1.11,MPa
2026-05-01 10:53:00,vibration,4.73,mm/s
2026-05-01 10:54:00,temperature,31.63,摄氏度
2026-05-01 10:54:00,pressure,0.81,MPa
2026-05-01 10:54:00,vibration,2.59,mm/s
2026-05-01 10:55:00,temperature,26.93,摄氏度
2026-05-01 10:55:00,pressure,1.09,MPa
2026-05-01 10:55:00,vibration,1.07,mm/s
2026-05-01 10:56:00,temperature,28.22,摄氏度
2026-05-01 10:56:00,pressure,0.83,MPa
2026-05-01 10:56:00,vibration,16.93,mm/s
2026-05-01 10:57:00,temperature,30.29,摄氏度
2026-05-01 10:57:00,pressure,1.18,MPa
2026-05-01 10:57:00,vibration,1.32,mm/s
2026-05-01 10:58:00,temperature,34.62,摄氏度
2026-05-01 10:58:00,pressure,0.96,MPa
2026-05-01 10:58:00,vibration,2.95,mm/s
2026-05-01 10:59:00,temperature,98.97,摄氏度
2026-05-01 10:59:00,pressure,0.96,MPa
2026-05-01 10:59:00,vibration,0.43,mm/s
2026-05-01 11:00:00,temperature,31.4,摄氏度
2026-05-01 11:00:00,pressure,2.26,MPa
2026-05-01 11:00:00,vibration,3.54,mm/s
2026-05-01 11:01:00,temperature,27.77,摄氏度
2026-05-01 11:01:00,pressure,1.15,MPa
2026-05-01 11:01:00,vibration,2.74,mm/s
2026-05-01 11:02:00,temperature,30.4,摄氏度
2026-05-01 11:02:00,pressure,0.84,MPa
2026-05-01 11:02:00,vibration,0.89,mm/s
2026-05-01 11:03:00,temperature,20.66,摄氏度
2026-05-01 11:03:00,pressure,0.81,MPa
2026-05-01 11:03:00,vibration,4.92,mm/s
2026-05-01 11:04:00,temperature,25.46,摄氏度
2026-05-01 11:04:00,pressure,0.87,MPa
2026-05-01 11:04:00,vibration,1.09,mm/s
2026-05-01 11:05:00,temperature,23.53,摄氏度
2026-05-01 11:05:00,pressure,2.8,MPa
2026-05-01 11:05:00,vibration,22.49,mm/s
2026-05-01 11:06:00,temperature,20.73,摄氏度
2026-05-01 11:06:00,pressure,0.94,MPa
2026-05-01 11:06:00,vibration,0.14,mm/s
2026-05-01 11:07:00,temperature,30.8,摄氏度
2026-05-01 11:07:00,pressure,0.96,MPa
2026-05-01 11:07:00,vibration,1.96,mm/s
2026-05-01 11:08:00,temperature,27.71,摄氏度
2026-05-01 11:08:00,pressure,1.14,MPa
2026-05-01 11:08:00,vibration,1.81,mm/s
2026-05-01 11:09:00,temperature,23.84,摄氏度
2026-05-01 11:09:00,pressure,0.81,MPa
2026-05-01 11:09:00,vibration,0.56,mm/s
2026-05-01 11:10:00,temperature,28.32,摄氏度
2026-05-01 11:10:00,pressure,1.1,MPa
2026-05-01 11:10:00,vibration,21.39,mm/s
2026-05-01 11:11:00,temperature,25.91,摄氏度
2026-05-01 11:11:00,pressure,1.07,MPa
2026-05-01 11:11:00,vibration,3.93,mm/s
2026-05-01 11:12:00,temperature,83.75,摄氏度
2026-05-01 11:12:00,pressure,0.86,MPa
2026-05-01 11:12:00,vibration,1.43,mm/s
2026-05-01 11:13:00,temperature,22.87,摄氏度
2026-05-01 11:13:00,pressure,0.95,MPa
2026-05-01 11:13:00,vibration,0.32,mm/s
2026-05-01 11:14:00,temperature,30.44,摄氏度
2026-05-01 11:14:00,pressure,1.14,MPa
2026-05-01 11:14:00,vibration,24.12,mm/s
2026-05-01 11:15:00,temperature,32.16,摄氏度
2026-05-01 11:15:00,pressure,0.89,MPa
2026-05-01 11:15:00,vibration,2.7,mm/s
2026-05-01 11:16:00,temperature,90.11,摄氏度
2026-05-01 11:16:00,pressure,2.53,MPa
2026-05-01 11:16:00,vibration,1.74,mm/s
2026-05-01 11:17:00,temperature,32.6,摄氏度
2026-05-01 11:17:00,pressure,2.27,MPa
2026-05-01 11:17:00,vibration,1.37,mm/s
2026-05-01 11:18:00,temperature,24.08,摄氏度
2026-05-01 11:18:00,pressure,0.97,MPa
2026-05-01 11:18:00,vibration,4.28,mm/s
2026-05-01 11:19:00,temperature,31.91,摄氏度
2026-05-01 11:19:00,pressure,0.85,MPa
2026-05-01 11:19:00,vibration,3.17,mm/s
2026-05-01 11:20:00,temperature,32.18,摄氏度
2026-05-01 11:20:00,pressure,0.9,MPa
2026-05-01 11:20:00,vibration,3.71,mm/s
2026-05-01 11:21:00,temperature,26.92,摄氏度
2026-05-01 11:21:00,pressure,1.03,MPa
2026-05-01 11:21:00,vibration,1.53,mm/s
2026-05-01 11:22:00,temperature,33.72,摄氏度
2026-05-01 11:22:00,pressure,1.02,MPa
2026-05-01 11:22:00,vibration,1.32,mm/s
2026-05-01 11:23:00,temperature,31.28,摄氏度
2026-05-01 11:23:00,pressure,1.16,MPa
2026-05-01 11:23:00,vibration,2.5,mm/s
2026-05-01 11:24:00,temperature,32.84,摄氏度
2026-05-01 11:24:00,pressure,1.2,MPa
2026-05-01 11:24:00,vibration,1.74,mm/s
2026-05-01 11:25:00,temperature,23.11,摄氏度
2026-05-01 11:25:00,pressure,1.16,MPa
2026-05-01 11:25:00,vibration,1.25,mm/s
2026-05-01 11:26:00,temperature,94.99,摄氏度
2026-05-01 11:26:00,pressure,1.09,MPa
2026-05-01 11:26:00,vibration,19.71,mm/s
2026-05-01 11:27:00,temperature,23.47,摄氏度
2026-05-01 11:27:00,pressure,1.12,MPa
2026-05-01 11:27:00,vibration,0.01,mm/s
2026-05-01 11:28:00,temperature,33.41,摄氏度
2026-05-01 11:28:00,pressure,1.01,MPa
2026-05-01 11:28:00,vibration,0.92,mm/s
2026-05-01 11:29:00,temperature,24.96,摄氏度
2026-05-01 11:29:00,pressure,1.02,MPa
2026-05-01 11:29:00,vibration,4.83,mm/s
2026-05-01 11:30:00,temperature,25.45,摄氏度
2026-05-01 11:30:00,pressure,0.84,MPa
2026-05-01 11:30:00,vibration,1.94,mm/s
2026-05-01 11:31:00,temperature,31.08,摄氏度
2026-05-01 11:31:00,pressure,0.96,MPa
2026-05-01 11:31:00,vibration,0.49,mm/s
2026-05-01 11:32:00,temperature,27.38,摄氏度
2026-05-01 11:32:00,pressure,0.9,MPa
2026-05-01 11:32:00,vibration,1.27,mm/s
2026-05-01 11:33:00,temperature,26.54,摄氏度
2026-05-01 11:33:00,pressure,0.96,MPa
2026-05-01 11:33:00,vibration,0.14,mm/s
2026-05-01 11:34:00,temperature,21.37,摄氏度
2026-05-01 11:34:00,pressure,0.96,MPa
2026-05-01 11:34:00,vibration,2.18,mm/s
2026-05-01 11:35:00,temperature,28.67,摄氏度
2026-05-01 11:35:00,pressure,1.01,MPa
2026-05-01 11:35:00,vibration,1.26,mm/s
2026-05-01 11:36:00,temperature,27.09,摄氏度
2026-05-01 11:36:00,pressure,0.97,MPa
2026-05-01 11:36:00,vibration,1.37,mm/s
2026-05-01 11:37:00,temperature,26.67,摄氏度
2026-05-01 11:37:00,pressure,0.95,MPa
2026-05-01 11:37:00,vibration,19.15,mm/s
2026-05-01 11:38:00,temperature,26.7,摄氏度
2026-05-01 11:38:00,pressure,1.15,MPa
2026-05-01 11:38:00,vibration,3.89,mm/s
2026-05-01 11:39:00,temperature,20.48,摄氏度
2026-05-01 11:39:00,pressure,1.16,MPa
2026-05-01 11:39:00,vibration,1.12,mm/s
2026-05-01 11:40:00,temperature,25.63,摄氏度
2026-05-01 11:40:00,pressure,1.13,MPa
2026-05-01 11:40:00,vibration,4.06,mm/s
2026-05-01 11:41:00,temperature,31.01,摄氏度
2026-05-01 11:41:00,pressure,1.06,MPa
2026-05-01 11:41:00,vibration,1.04,mm/s
2026-05-01 11:42:00,temperature,28.02,摄氏度
2026-05-01 11:42:00,pressure,0.87,MPa
2026-05-01 11:42:00,vibration,0.44,mm/s
2026-05-01 11:43:00,temperature,33.71,摄氏度
2026-05-01 11:43:00,pressure,1.08,MPa
2026-05-01 11:43:00,vibration,3.72,mm/s
2026-05-01 11:44:00,temperature,27.67,摄氏度
2026-05-01 11:44:00,pressure,0.97,MPa
2026-05-01 11:44:00,vibration,0.68,mm/s
2026-05-01 11:45:00,temperature,33.23,摄氏度
2026-05-01 11:45:00,pressure,0.8,MPa
2026-05-01 11:45:00,vibration,3.99,mm/s
2026-05-01 11:46:00,temperature,24.33,摄氏度
2026-05-01 11:46:00,pressure,1.03,MPa
2026-05-01 11:46:00,vibration,1.68,mm/s
2026-05-01 11:47:00,temperature,20.64,摄氏度
2026-05-01 11:47:00,pressure,0.88,MPa
2026-05-01 11:47:00,vibration,3.58,mm/s
2026-05-01 11:48:00,temperature,22.78,摄氏度
2026-05-01 11:48:00,pressure,1.13,MPa
2026-05-01 11:48:00,vibration,2.41,mm/s
2026-05-01 11:49:00,temperature,24.12,摄氏度
2026-05-01 11:49:00,pressure,1.18,MPa
2026-05-01 11:49:00,vibration,0.88,mm/s
2026-05-01 11:50:00,temperature,27.35,摄氏度
2026-05-01 11:50:00,pressure,1.11,MPa
2026-05-01 11:50:00,vibration,3.35,mm/s
2026-05-01 11:51:00,temperature,20.97,摄氏度
2026-05-01 11:51:00,pressure,1.17,MPa
2026-05-01 11:51:00,vibration,2.35,mm/s
2026-05-01 11:52:00,temperature,22.29,摄氏度
2026-05-01 11:52:00,pressure,2.37,MPa
2026-05-01 11:52:00,vibration,2.24,mm/s
2026-05-01 11:53:00,temperature,27.71,摄氏度
2026-05-01 11:53:00,pressure,2.15,MPa
2026-05-01 11:53:00,vibration,0.11,mm/s
2026-05-01 11:54:00,temperature,28.72,摄氏度
2026-05-01 11:54:00,pressure,0.89,MPa
2026-05-01 11:54:00,vibration,2.12,mm/s
2026-05-01 11:55:00,temperature,27.88,摄氏度
2026-05-01 11:55:00,pressure,0.94,MPa
2026-05-01 11:55:00,vibration,3.23,mm/s
2026-05-01 11:56:00,temperature,31.02,摄氏度
2026-05-01 11:56:00,pressure,0.87,MPa
2026-05-01 11:56:00,vibration,2.4,mm/s
2026-05-01 11:57:00,temperature,24.22,摄氏度
2026-05-01 11:57:00,pressure,0.99,MPa
2026-05-01 11:57:00,vibration,1.29,mm/s
2026-05-01 11:58:00,temperature,21.59,摄氏度
2026-05-01 11:58:00,pressure,2.98,MPa
2026-05-01 11:58:00,vibration,1.86,mm/s
2026-05-01 11:59:00,temperature,27.57,摄氏度
2026-05-01 11:59:00,pressure,1.11,MPa
2026-05-01 11:59:00,vibration,1.08,mm/s
2026-05-01 12:00:00,temperature,32.74,摄氏度
2026-05-01 12:00:00,pressure,1.05,MPa
2026-05-01 12:00:00,vibration,2.67,mm/s
2026-05-01 12:01:00,temperature,33.6,摄氏度
2026-05-01 12:01:00,pressure,1.15,MPa
2026-05-01 12:01:00,vibration,2.74,mm/s
2026-05-01 12:02:00,temperature,20.32,摄氏度
2026-05-01 12:02:00,pressure,1.09,MPa
2026-05-01 12:02:00,vibration,4.43,mm/s
2026-05-01 12:03:00,temperature,27.2,摄氏度
2026-05-01 12:03:00,pressure,0.87,MPa
2026-05-01 12:03:00,vibration,0.7,mm/s
2026-05-01 12:04:00,temperature,24.45,摄氏度
2026-05-01 12:04:00,pressure,0.83,MPa
2026-05-01 12:04:00,vibration,1.8,mm/s
2026-05-01 12:05:00,temperature,26.42,摄氏度
2026-05-01 12:05:00,pressure,1.04,MPa
2026-05-01 12:05:00,vibration,0.43,mm/s
2026-05-01 12:06:00,temperature,24.15,摄氏度
2026-05-01 12:06:00,pressure,0.88,MPa
2026-05-01 12:06:00,vibration,0.1,mm/s
2026-05-01 12:07:00,temperature,28.74,摄氏度
2026-05-01 12:07:00,pressure,0.86,MPa
2026-05-01 12:07:00,vibration,1.15,mm/s
2026-05-01 12:08:00,temperature,32.32,摄氏度
2026-05-01 12:08:00,pressure,1.16,MPa
2026-05-01 12:08:00,vibration,0.24,mm/s
2026-05-01 12:09:00,temperature,21.46,摄氏度
2026-05-01 12:09:00,pressure,1.18,MPa
2026-05-01 12:09:00,vibration,3.05,mm/s
2026-05-01 12:10:00,temperature,22.38,摄氏度
2026-05-01 12:10:00,pressure,0.92,MPa
2026-05-01 12:10:00,vibration,1.41,mm/s
2026-05-01 12:11:00,temperature,30.51,摄氏度
2026-05-01 12:11:00,pressure,0.94,MPa
2026-05-01 12:11:00,vibration,4.87,mm/s
2026-05-01 12:12:00,temperature,24.47,摄氏度
2026-05-01 12:12:00,pressure,0.81,MPa
2026-05-01 12:12:00,vibration,3.93,mm/s
2026-05-01 12:13:00,temperature,29.83,摄氏度
2026-05-01 12:13:00,pressure,0.91,MPa
2026-05-01 12:13:00,vibration,4.31,mm/s
2026-05-01 12:14:00,temperature,30.62,摄氏度
2026-05-01 12:14:00,pressure,1.14,MPa
2026-05-01 12:14:00,vibration,4.55,mm/s
2026-05-01 12:15:00,temperature,34.15,摄氏度
2026-05-01 12:15:00,pressure,2.61,MPa
2026-05-01 12:15:00,vibration,2.4,mm/s
2026-05-01 12:16:00,temperature,29.63,摄氏度
2026-05-01 12:16:00,pressure,1.17,MPa
2026-05-01 12:16:00,vibration,1.72,mm/s
2026-05-01 12:17:00,temperature,27.75,摄氏度
2026-05-01 12:17:00,pressure,1.01,MPa
2026-05-01 12:17:00,vibration,24.28,mm/s
2026-05-01 12:18:00,temperature,20.3,摄氏度
2026-05-01 12:18:00,pressure,1.05,MPa
2026-05-01 12:18:00,vibration,4.98,mm/s
2026-05-01 12:19:00,temperature,23.26,摄氏度
2026-05-01 12:19:00,pressure,0.9,MPa
2026-05-01 12:19:00,vibration,1.55,mm/s
2026-05-01 12:20:00,temperature,28.7,摄氏度
2026-05-01 12:20:00,pressure,1.11,MPa
2026-05-01 12:20:00,vibration,1.48,mm/s
2026-05-01 12:21:00,temperature,31.75,摄氏度
2026-05-01 12:21:00,pressure,1.17,MPa
2026-05-01 12:21:00,vibration,3.52,mm/s
2026-05-01 12:22:00,temperature,91.41,摄氏度
2026-05-01 12:22:00,pressure,0.88,MPa
2026-05-01 12:22:00,vibration,0.35,mm/s
2026-05-01 12:23:00,temperature,27.2,摄氏度
2026-05-01 12:23:00,pressure,1.07,MPa
2026-05-01 12:23:00,vibration,1.87,mm/s
2026-05-01 12:24:00,temperature,23.87,摄氏度
2026-05-01 12:24:00,pressure,1.09,MPa
2026-05-01 12:24:00,vibration,4.1,mm/s
2026-05-01 12:25:00,temperature,31.77,摄氏度
2026-05-01 12:25:00,pressure,0.9,MPa
2026-05-01 12:25:00,vibration,4.25,mm/s
2026-05-01 12:26:00,temperature,31.74,摄氏度
2026-05-01 12:26:00,pressure,0.94,MPa
2026-05-01 12:26:00,vibration,3.44,mm/s
2026-05-01 12:27:00,temperature,28.11,摄氏度
2026-05-01 12:27:00,pressure,2.99,MPa
2026-05-01 12:27:00,vibration,4.16,mm/s
2026-05-01 12:28:00,temperature,26.16,摄氏度
2026-05-01 12:28:00,pressure,1.15,MPa
2026-05-01 12:28:00,vibration,3.76,mm/s
2026-05-01 12:29:00,temperature,29.15,摄氏度
2026-05-01 12:29:00,pressure,1.03,MPa
2026-05-01 12:29:00,vibration,3.93,mm/s
2026-05-01 12:30:00,temperature,28.5,摄氏度
2026-05-01 12:30:00,pressure,0.92,MPa
2026-05-01 12:30:00,vibration,1.35,mm/s
2026-05-01 12:31:00,temperature,29.89,摄氏度
2026-05-01 12:31:00,pressure,0.8,MPa
2026-05-01 12:31:00,vibration,2.24,mm/s
2026-05-01 12:32:00,temperature,28.11,摄氏度
2026-05-01 12:32:00,pressure,0.93,MPa
2026-05-01 12:32:00,vibration,4.83,mm/s
2026-05-01 12:33:00,temperature,33.78,摄氏度
2026-05-01 12:33:00,pressure,1.13,MPa
2026-05-01 12:33:00,vibration,2.29,mm/s
2026-05-01 12:34:00,temperature,20.87,摄氏度
2026-05-01 12:34:00,pressure,1.13,MPa
2026-05-01 12:34:00,vibration,1.5,mm/s
2026-05-01 12:35:00,temperature,28.1,摄氏度
2026-05-01 12:35:00,pressure,1.03,MPa
2026-05-01 12:35:00,vibration,0.99,mm/s
2026-05-01 12:36:00,temperature,29.58,摄氏度
2026-05-01 12:36:00,pressure,1.03,MPa
2026-05-01 12:36:00,vibration,2.65,mm/s
2026-05-01 12:37:00,temperature,27.01,摄氏度
2026-05-01 12:37:00,pressure,1.1,MPa
2026-05-01 12:37:00,vibration,0.21,mm/s
2026-05-01 12:38:00,temperature,26.68,摄氏度
2026-05-01 12:38:00,pressure,0.92,MPa
2026-05-01 12:38:00,vibration,2.52,mm/s
2026-05-01 12:39:00,temperature,22.19,摄氏度
2026-05-01 12:39:00,pressure,0.86,MPa
2026-05-01 12:39:00,vibration,3.71,mm/s
2026-05-01 12:40:00,temperature,21.63,摄氏度
2026-05-01 12:40:00,pressure,0.8,MPa
2026-05-01 12:40:00,vibration,1.86,mm/s
2026-05-01 12:41:00,temperature,26.23,摄氏度
2026-05-01 12:41:00,pressure,0.88,MPa
2026-05-01 12:41:00,vibration,3.87,mm/s
2026-05-01 12:42:00,temperature,25.84,摄氏度
2026-05-01 12:42:00,pressure,0.84,MPa
2026-05-01 12:42:00,vibration,0.45,mm/s
2026-05-01 12:43:00,temperature,32.35,摄氏度
2026-05-01 12:43:00,pressure,0.93,MPa
2026-05-01 12:43:00,vibration,1.58,mm/s
2026-05-01 12:44:00,temperature,91.76,摄氏度
2026-05-01 12:44:00,pressure,0.86,MPa
2026-05-01 12:44:00,vibration,0.67,mm/s
2026-05-01 12:45:00,temperature,29.98,摄氏度
2026-05-01 12:45:00,pressure,1.17,MPa
2026-05-01 12:45:00,vibration,3.4,mm/s
2026-05-01 12:46:00,temperature,24.63,摄氏度
2026-05-01 12:46:00,pressure,1.12,MPa
2026-05-01 12:46:00,vibration,2.74,mm/s
2026-05-01 12:47:00,temperature,30.43,摄氏度
2026-05-01 12:47:00,pressure,0.83,MPa
2026-05-01 12:47:00,vibration,3.22,mm/s
2026-05-01 12:48:00,temperature,34.6,摄氏度
2026-05-01 12:48:00,pressure,0.92,MPa
2026-05-01 12:48:00,vibration,4.42,mm/s
2026-05-01 12:49:00,temperature,27.4,摄氏度
2026-05-01 12:49:00,pressure,1.0,MPa
2026-05-01 12:49:00,vibration,2.4,mm/s
2026-05-01 12:50:00,temperature,22.66,摄氏度
2026-05-01 12:50:00,pressure,0.97,MPa
2026-05-01 12:50:00,vibration,4.82,mm/s
2026-05-01 12:51:00,temperature,33.47,摄氏度
2026-05-01 12:51:00,pressure,1.06,MPa
2026-05-01 12:51:00,vibration,2.13,mm/s
2026-05-01 12:52:00,temperature,28.12,摄氏度
2026-05-01 12:52:00,pressure,0.93,MPa
2026-05-01 12:52:00,vibration,1.74,mm/s
2026-05-01 12:53:00,temperature,23.09,摄氏度
2026-05-01 12:53:00,pressure,1.11,MPa
2026-05-01 12:53:00,vibration,0.29,mm/s
2026-05-01 12:54:00,temperature,33.16,摄氏度
2026-05-01 12:54:00,pressure,0.91,MPa
2026-05-01 12:54:00,vibration,0.64,mm/s
2026-05-01 12:55:00,temperature,27.27,摄氏度
2026-05-01 12:55:00,pressure,0.91,MPa
2026-05-01 12:55:00,vibration,3.74,mm/s
2026-05-01 12:56:00,temperature,29.07,摄氏度
2026-05-01 12:56:00,pressure,1.0,MPa
2026-05-01 12:56:00,vibration,4.91,mm/s
2026-05-01 12:57:00,temperature,28.18,摄氏度
2026-05-01 12:57:00,pressure,0.84,MPa
2026-05-01 12:57:00,vibration,2.91,mm/s
2026-05-01 12:58:00,temperature,26.08,摄氏度
2026-05-01 12:58:00,pressure,1.16,MPa
2026-05-01 12:58:00,vibration,3.94,mm/s
2026-05-01 12:59:00,temperature,27.23,摄氏度
2026-05-01 12:59:00,pressure,0.92,MPa
2026-05-01 12:59:00,vibration,2.74,mm/s
2026-05-01 13:00:00,temperature,33.51,摄氏度
2026-05-01 13:00:00,pressure,1.02,MPa
2026-05-01 13:00:00,vibration,1.21,mm/s
2026-05-01 13:01:00,temperature,29.96,摄氏度
2026-05-01 13:01:00,pressure,0.87,MPa
2026-05-01 13:01:00,vibration,3.68,mm/s
2026-05-01 13:02:00,temperature,21.41,摄氏度
2026-05-01 13:02:00,pressure,1.03,MPa
2026-05-01 13:02:00,vibration,1.91,mm/s
2026-05-01 13:03:00,temperature,21.91,摄氏度
2026-05-01 13:03:00,pressure,1.07,MPa
2026-05-01 13:03:00,vibration,4.19,mm/s
2026-05-01 13:04:00,temperature,29.45,摄氏度
2026-05-01 13:04:00,pressure,1.09,MPa
2026-05-01 13:04:00,vibration,4.73,mm/s
2026-05-01 13:05:00,temperature,20.6,摄氏度
2026-05-01 13:05:00,pressure,1.11,MPa
2026-05-01 13:05:00,vibration,3.23,mm/s
2026-05-01 13:06:00,temperature,23.35,摄氏度
2026-05-01 13:06:00,pressure,1.07,MPa
2026-05-01 13:06:00,vibration,0.9,mm/s
2026-05-01 13:07:00,temperature,22.19,摄氏度
2026-05-01 13:07:00,pressure,0.87,MPa
2026-05-01 13:07:00,vibration,3.84,mm/s
2026-05-01 13:08:00,temperature,34.02,摄氏度
2026-05-01 13:08:00,pressure,1.06,MPa
2026-05-01 13:08:00,vibration,3.86,mm/s
2026-05-01 13:09:00,temperature,29.86,摄氏度
2026-05-01 13:09:00,pressure,1.03,MPa
2026-05-01 13:09:00,vibration,0.56,mm/s
2026-05-01 13:10:00,temperature,30.95,摄氏度
2026-05-01 13:10:00,pressure,1.19,MPa
2026-05-01 13:10:00,vibration,0.94,mm/s
2026-05-01 13:11:00,temperature,25.02,摄氏度
2026-05-01 13:11:00,pressure,1.12,MPa
2026-05-01 13:11:00,vibration,0.37,mm/s
2026-05-01 13:12:00,temperature,31.19,摄氏度
2026-05-01 13:12:00,pressure,0.98,MPa
2026-05-01 13:12:00,vibration,0.56,mm/s
2026-05-01 13:13:00,temperature,31.64,摄氏度
2026-05-01 13:13:00,pressure,1.04,MPa
2026-05-01 13:13:00,vibration,1.69,mm/s
2026-05-01 13:14:00,temperature,27.29,摄氏度
2026-05-01 13:14:00,pressure,0.91,MPa
2026-05-01 13:14:00,vibration,2.54,mm/s
2026-05-01 13:15:00,temperature,22.13,摄氏度
2026-05-01 13:15:00,pressure,1.18,MPa
2026-05-01 13:15:00,vibration,1.22,mm/s
2026-05-01 13:16:00,temperature,29.05,摄氏度
2026-05-01 13:16:00,pressure,0.82,MPa
2026-05-01 13:16:00,vibration,3.97,mm/s
2026-05-01 13:17:00,temperature,25.49,摄氏度
2026-05-01 13:17:00,pressure,1.17,MPa
2026-05-01 13:17:00,vibration,4.72,mm/s
2026-05-01 13:18:00,temperature,27.78,摄氏度
2026-05-01 13:18:00,pressure,1.08,MPa
2026-05-01 13:18:00,vibration,1.3,mm/s
2026-05-01 13:19:00,temperature,21.26,摄氏度
2026-05-01 13:19:00,pressure,1.17,MPa
2026-05-01 13:19:00,vibration,4.3,mm/s
2026-05-01 13:20:00,temperature,28.11,摄氏度
2026-05-01 13:20:00,pressure,0.84,MPa
2026-05-01 13:20:00,vibration,0.57,mm/s
2026-05-01 13:21:00,temperature,25.36,摄氏度
2026-05-01 13:21:00,pressure,0.87,MPa
2026-05-01 13:21:00,vibration,0.02,mm/s
2026-05-01 13:22:00,temperature,26.06,摄氏度
2026-05-01 13:22:00,pressure,0.9,MPa
2026-05-01 13:22:00,vibration,2.94,mm/s
2026-05-01 13:23:00,temperature,24.43,摄氏度
2026-05-01 13:23:00,pressure,1.03,MPa
2026-05-01 13:23:00,vibration,0.04,mm/s
2026-05-01 13:24:00,temperature,29.55,摄氏度
2026-05-01 13:24:00,pressure,0.85,MPa
2026-05-01 13:24:00,vibration,24.74,mm/s
2026-05-01 13:25:00,temperature,20.57,摄氏度
2026-05-01 13:25:00,pressure,1.11,MPa
2026-05-01 13:25:00,vibration,4.65,mm/s
2026-05-01 13:26:00,temperature,22.26,摄氏度
2026-05-01 13:26:00,pressure,1.1,MPa
2026-05-01 13:26:00,vibration,1.5,mm/s
2026-05-01 13:27:00,temperature,34.02,摄氏度
2026-05-01 13:27:00,pressure,0.84,MPa
2026-05-01 13:27:00,vibration,4.31,mm/s
2026-05-01 13:28:00,temperature,32.61,摄氏度
2026-05-01 13:28:00,pressure,1.19,MPa
2026-05-01 13:28:00,vibration,1.2,mm/s
2026-05-01 13:29:00,temperature,30.44,摄氏度
2026-05-01 13:29:00,pressure,0.93,MPa
2026-05-01 13:29:00,vibration,3.45,mm/s
2026-05-01 13:30:00,temperature,20.29,摄氏度
2026-05-01 13:30:00,pressure,1.09,MPa
2026-05-01 13:30:00,vibration,1.24,mm/s
2026-05-01 13:31:00,temperature,23.74,摄氏度
2026-05-01 13:31:00,pressure,1.03,MPa
2026-05-01 13:31:00,vibration,4.94,mm/s
2026-05-01 13:32:00,temperature,20.04,摄氏度
2026-05-01 13:32:00,pressure,0.83,MPa
2026-05-01 13:32:00,vibration,4.31,mm/s
2026-05-01 13:33:00,temperature,21.45,摄氏度
2026-05-01 13:33:00,pressure,1.14,MPa
2026-05-01 13:33:00,vibration,2.9,mm/s
2026-05-01 13:34:00,temperature,22.2,摄氏度
2026-05-01 13:34:00,pressure,0.98,MPa
2026-05-01 13:34:00,vibration,3.62,mm/s
2026-05-01 13:35:00,temperature,20.5,摄氏度
2026-05-01 13:35:00,pressure,1.1,MPa
2026-05-01 13:35:00,vibration,0.55,mm/s
2026-05-01 13:36:00,temperature,26.43,摄氏度
2026-05-01 13:36:00,pressure,0.96,MPa
2026-05-01 13:36:00,vibration,3.27,mm/s
2026-05-01 13:37:00,temperature,25.36,摄氏度
2026-05-01 13:37:00,pressure,0.8,MPa
2026-05-01 13:37:00,vibration,1.38,mm/s
2026-05-01 13:38:00,temperature,28.34,摄氏度
2026-05-01 13:38:00,pressure,1.01,MPa
2026-05-01 13:38:00,vibration,3.31,mm/s
2026-05-01 13:39:00,temperature,33.27,摄氏度
2026-05-01 13:39:00,pressure,2.61,MPa
2026-05-01 13:39:00,vibration,1.65,mm/s
2026-05-01 13:40:00,temperature,29.83,摄氏度
2026-05-01 13:40:00,pressure,1.04,MPa
2026-05-01 13:40:00,vibration,3.06,mm/s
2026-05-01 13:41:00,temperature,24.46,摄氏度
2026-05-01 13:41:00,pressure,1.17,MPa
2026-05-01 13:41:00,vibration,1.83,mm/s
2026-05-01 13:42:00,temperature,23.8,摄氏度
2026-05-01 13:42:00,pressure,1.03,MPa
2026-05-01 13:42:00,vibration,1.08,mm/s
2026-05-01 13:43:00,temperature,32.66,摄氏度
2026-05-01 13:43:00,pressure,0.83,MPa
2026-05-01 13:43:00,vibration,4.93,mm/s
2026-05-01 13:44:00,temperature,28.45,摄氏度
2026-05-01 13:44:00,pressure,1.02,MPa
2026-05-01 13:44:00,vibration,4.13,mm/s
2026-05-01 13:45:00,temperature,88.72,摄氏度
2026-05-01 13:45:00,pressure,0.9,MPa
2026-05-01 13:45:00,vibration,3.82,mm/s
2026-05-01 13:46:00,temperature,28.62,摄氏度
2026-05-01 13:46:00,pressure,2.56,MPa
2026-05-01 13:46:00,vibration,4.72,mm/s
2026-05-01 13:47:00,temperature,21.86,摄氏度
2026-05-01 13:47:00,pressure,0.81,MPa
2026-05-01 13:47:00,vibration,3.36,mm/s
2026-05-01 13:48:00,temperature,20.76,摄氏度
2026-05-01 13:48:00,pressure,1.2,MPa
2026-05-01 13:48:00,vibration,2.93,mm/s
2026-05-01 13:49:00,temperature,25.42,摄氏度
2026-05-01 13:49:00,pressure,1.09,MPa
2026-05-01 13:49:00,vibration,16.8,mm/s
2026-05-01 13:50:00,temperature,23.54,摄氏度
2026-05-01 13:50:00,pressure,1.12,MPa
2026-05-01 13:50:00,vibration,22.02,mm/s
2026-05-01 13:51:00,temperature,32.61,摄氏度
2026-05-01 13:51:00,pressure,0.93,MPa
2026-05-01 13:51:00,vibration,4.91,mm/s
2026-05-01 13:52:00,temperature,29.83,摄氏度
2026-05-01 13:52:00,pressure,1.12,MPa
2026-05-01 13:52:00,vibration,1.74,mm/s
2026-05-01 13:53:00,temperature,22.61,摄氏度
2026-05-01 13:53:00,pressure,0.98,MPa
2026-05-01 13:53:00,vibration,2.51,mm/s
2026-05-01 13:54:00,temperature,24.72,摄氏度
2026-05-01 13:54:00,pressure,1.18,MPa
2026-05-01 13:54:00,vibration,2.77,mm/s
2026-05-01 13:55:00,temperature,25.08,摄氏度
2026-05-01 13:55:00,pressure,0.98,MPa
2026-05-01 13:55:00,vibration,3.58,mm/s
2026-05-01 13:56:00,temperature,92.17,摄氏度
2026-05-01 13:56:00,pressure,0.87,MPa
2026-05-01 13:56:00,vibration,1.33,mm/s
2026-05-01 13:57:00,temperature,30.63,摄氏度
2026-05-01 13:57:00,pressure,0.81,MPa
2026-05-01 13:57:00,vibration,4.36,mm/s
2026-05-01 13:58:00,temperature,29.38,摄氏度
2026-05-01 13:58:00,pressure,1.16,MPa
2026-05-01 13:58:00,vibration,0.17,mm/s
2026-05-01 13:59:00,temperature,25.14,摄氏度
2026-05-01 13:59:00,pressure,1.12,MPa
2026-05-01 13:59:00,vibration,4.31,mm/s
2026-05-01 14:00:00,temperature,32.62,摄氏度
2026-05-01 14:00:00,pressure,0.95,MPa
2026-05-01 14:00:00,vibration,1.41,mm/s
2026-05-01 14:01:00,temperature,33.21,摄氏度
2026-05-01 14:01:00,pressure,1.0,MPa
2026-05-01 14:01:00,vibration,0.15,mm/s
2026-05-01 14:02:00,temperature,23.01,摄氏度
2026-05-01 14:02:00,pressure,1.06,MPa
2026-05-01 14:02:00,vibration,2.13,mm/s
2026-05-01 14:03:00,temperature,27.43,摄氏度
2026-05-01 14:03:00,pressure,0.91,MPa
2026-05-01 14:03:00,vibration,2.84,mm/s
2026-05-01 14:04:00,temperature,30.13,摄氏度
2026-05-01 14:04:00,pressure,1.12,MPa
2026-05-01 14:04:00,vibration,20.36,mm/s
2026-05-01 14:05:00,temperature,31.89,摄氏度
2026-05-01 14:05:00,pressure,0.86,MPa
2026-05-01 14:05:00,vibration,4.34,mm/s
2026-05-01 14:06:00,temperature,28.31,摄氏度
2026-05-01 14:06:00,pressure,0.95,MPa
2026-05-01 14:06:00,vibration,1.06,mm/s
2026-05-01 14:07:00,temperature,20.9,摄氏度
2026-05-01 14:07:00,pressure,1.01,MPa
2026-05-01 14:07:00,vibration,3.09,mm/s
2026-05-01 14:08:00,temperature,33.31,摄氏度
2026-05-01 14:08:00,pressure,0.81,MPa
2026-05-01 14:08:00,vibration,1.89,mm/s
2026-05-01 14:09:00,temperature,26.47,摄氏度
2026-05-01 14:09:00,pressure,1.08,MPa
2026-05-01 14:09:00,vibration,1.99,mm/s
2026-05-01 14:10:00,temperature,29.3,摄氏度
2026-05-01 14:10:00,pressure,0.84,MPa
2026-05-01 14:10:00,vibration,0.03,mm/s
2026-05-01 14:11:00,temperature,30.45,摄氏度
2026-05-01 14:11:00,pressure,1.02,MPa
2026-05-01 14:11:00,vibration,3.8,mm/s
2026-05-01 14:12:00,temperature,26.16,摄氏度
2026-05-01 14:12:00,pressure,0.85,MPa
2026-05-01 14:12:00,vibration,1.64,mm/s
2026-05-01 14:13:00,temperature,96.52,摄氏度
2026-05-01 14:13:00,pressure,0.92,MPa
2026-05-01 14:13:00,vibration,2.66,mm/s
2026-05-01 14:14:00,temperature,27.88,摄氏度
2026-05-01 14:14:00,pressure,1.13,MPa
2026-05-01 14:14:00,vibration,1.84,mm/s
2026-05-01 14:15:00,temperature,31.05,摄氏度
2026-05-01 14:15:00,pressure,1.13,MPa
2026-05-01 14:15:00,vibration,0.78,mm/s
2026-05-01 14:16:00,temperature,26.96,摄氏度
2026-05-01 14:16:00,pressure,0.97,MPa
2026-05-01 14:16:00,vibration,0.62,mm/s
2026-05-01 14:17:00,temperature,31.16,摄氏度
2026-05-01 14:17:00,pressure,0.81,MPa
2026-05-01 14:17:00,vibration,4.31,mm/s
2026-05-01 14:18:00,temperature,97.54,摄氏度
2026-05-01 14:18:00,pressure,0.92,MPa
2026-05-01 14:18:00,vibration,2.67,mm/s
2026-05-01 14:19:00,temperature,20.64,摄氏度
2026-05-01 14:19:00,pressure,0.9,MPa
2026-05-01 14:19:00,vibration,1.93,mm/s
2026-05-01 14:20:00,temperature,33.33,摄氏度
2026-05-01 14:20:00,pressure,1.11,MPa
2026-05-01 14:20:00,vibration,3.47,mm/s
2026-05-01 14:21:00,temperature,28.92,摄氏度
2026-05-01 14:21:00,pressure,1.09,MPa
2026-05-01 14:21:00,vibration,3.11,mm/s
2026-05-01 14:22:00,temperature,26.1,摄氏度
2026-05-01 14:22:00,pressure,0.95,MPa
2026-05-01 14:22:00,vibration,2.78,mm/s
2026-05-01 14:23:00,temperature,26.26,摄氏度
2026-05-01 14:23:00,pressure,0.91,MPa
2026-05-01 14:23:00,vibration,2.04,mm/s
2026-05-01 14:24:00,temperature,33.33,摄氏度
2026-05-01 14:24:00,pressure,0.9,MPa
2026-05-01 14:24:00,vibration,1.36,mm/s
2026-05-01 14:25:00,temperature,28.69,摄氏度
2026-05-01 14:25:00,pressure,1.03,MPa
2026-05-01 14:25:00,vibration,3.93,mm/s
2026-05-01 14:26:00,temperature,23.7,摄氏度
2026-05-01 14:26:00,pressure,0.81,MPa
2026-05-01 14:26:00,vibration,2.08,mm/s
2026-05-01 14:27:00,temperature,22.83,摄氏度
2026-05-01 14:27:00,pressure,0.99,MPa
2026-05-01 14:27:00,vibration,0.25,mm/s
2026-05-01 14:28:00,temperature,29.56,摄氏度
2026-05-01 14:28:00,pressure,1.09,MPa
2026-05-01 14:28:00,vibration,2.43,mm/s
2026-05-01 14:29:00,temperature,22.76,摄氏度
2026-05-01 14:29:00,pressure,1.05,MPa
2026-05-01 14:29:00,vibration,4.96,mm/s
2026-05-01 14:30:00,temperature,24.04,摄氏度
2026-05-01 14:30:00,pressure,2.33,MPa
2026-05-01 14:30:00,vibration,3.38,mm/s
2026-05-01 14:31:00,temperature,26.98,摄氏度
2026-05-01 14:31:00,pressure,1.16,MPa
2026-05-01 14:31:00,vibration,1.99,mm/s
2026-05-01 14:32:00,temperature,33.68,摄氏度
2026-05-01 14:32:00,pressure,0.83,MPa
2026-05-01 14:32:00,vibration,3.59,mm/s
2026-05-01 14:33:00,temperature,24.78,摄氏度
2026-05-01 14:33:00,pressure,0.95,MPa
2026-05-01 14:33:00,vibration,3.36,mm/s
2026-05-01 14:34:00,temperature,30.99,摄氏度
2026-05-01 14:34:00,pressure,0.84,MPa
2026-05-01 14:34:00,vibration,1.77,mm/s
2026-05-01 14:35:00,temperature,30.76,摄氏度
2026-05-01 14:35:00,pressure,0.83,MPa
2026-05-01 14:35:00,vibration,1.41,mm/s
2026-05-01 14:36:00,temperature,23.13,摄氏度
2026-05-01 14:36:00,pressure,1.01,MPa
2026-05-01 14:36:00,vibration,2.0,mm/s
2026-05-01 14:37:00,temperature,26.31,摄氏度
2026-05-01 14:37:00,pressure,0.87,MPa
2026-05-01 14:37:00,vibration,0.66,mm/s
2026-05-01 14:38:00,temperature,32.73,摄氏度
2026-05-01 14:38:00,pressure,1.06,MPa
2026-05-01 14:38:00,vibration,1.48,mm/s
2026-05-01 14:39:00,temperature,24.23,摄氏度
2026-05-01 14:39:00,pressure,1.01,MPa
2026-05-01 14:39:00,vibration,3.45,mm/s
2026-05-01 14:40:00,temperature,30.24,摄氏度
2026-05-01 14:40:00,pressure,0.81,MPa
2026-05-01 14:40:00,vibration,4.76,mm/s
2026-05-01 14:41:00,temperature,23.16,摄氏度
2026-05-01 14:41:00,pressure,1.03,MPa
2026-05-01 14:41:00,vibration,3.2,mm/s
2026-05-01 14:42:00,temperature,25.88,摄氏度
2026-05-01 14:42:00,pressure,0.99,MPa
2026-05-01 14:42:00,vibration,1.81,mm/s
2026-05-01 14:43:00,temperature,26.52,摄氏度
2026-05-01 14:43:00,pressure,0.99,MPa
2026-05-01 14:43:00,vibration,2.83,mm/s
2026-05-01 14:44:00,temperature,20.76,摄氏度
2026-05-01 14:44:00,pressure,1.07,MPa
2026-05-01 14:44:00,vibration,0.45,mm/s
2026-05-01 14:45:00,temperature,25.14,摄氏度
2026-05-01 14:45:00,pressure,2.49,MPa
2026-05-01 14:45:00,vibration,3.94,mm/s
2026-05-01 14:46:00,temperature,25.74,摄氏度
2026-05-01 14:46:00,pressure,0.96,MPa
2026-05-01 14:46:00,vibration,1.17,mm/s
2026-05-01 14:47:00,temperature,22.92,摄氏度
2026-05-01 14:47:00,pressure,1.17,MPa
2026-05-01 14:47:00,vibration,3.72,mm/s
2026-05-01 14:48:00,temperature,31.22,摄氏度
2026-05-01 14:48:00,pressure,1.02,MPa
2026-05-01 14:48:00,vibration,1.24,mm/s
2026-05-01 14:49:00,temperature,25.53,摄氏度
2026-05-01 14:49:00,pressure,0.86,MPa
2026-05-01 14:49:00,vibration,0.08,mm/s
2026-05-01 14:50:00,temperature,28.49,摄氏度
2026-05-01 14:50:00,pressure,1.12,MPa
2026-05-01 14:50:00,vibration,2.82,mm/s
2026-05-01 14:51:00,temperature,23.53,摄氏度
2026-05-01 14:51:00,pressure,0.94,MPa
2026-05-01 14:51:00,vibration,3.67,mm/s
2026-05-01 14:52:00,temperature,31.4,摄氏度
2026-05-01 14:52:00,pressure,1.08,MPa
2026-05-01 14:52:00,vibration,2.63,mm/s
2026-05-01 14:53:00,temperature,27.14,摄氏度
2026-05-01 14:53:00,pressure,2.46,MPa
2026-05-01 14:53:00,vibration,2.8,mm/s
2026-05-01 14:54:00,temperature,33.86,摄氏度
2026-05-01 14:54:00,pressure,0.89,MPa
2026-05-01 14:54:00,vibration,1.43,mm/s
2026-05-01 14:55:00,temperature,20.62,摄氏度
2026-05-01 14:55:00,pressure,0.98,MPa
2026-05-01 14:55:00,vibration,0.31,mm/s
2026-05-01 14:56:00,temperature,33.15,摄氏度
2026-05-01 14:56:00,pressure,1.12,MPa
2026-05-01 14:56:00,vibration,2.0,mm/s
2026-05-01 14:57:00,temperature,21.59,摄氏度
2026-05-01 14:57:00,pressure,1.07,MPa
2026-05-01 14:57:00,vibration,0.74,mm/s
2026-05-01 14:58:00,temperature,21.37,摄氏度
2026-05-01 14:58:00,pressure,0.95,MPa
2026-05-01 14:58:00,vibration,0.37,mm/s
2026-05-01 14:59:00,temperature,33.41,摄氏度
2026-05-01 14:59:00,pressure,0.98,MPa
2026-05-01 14:59:00,vibration,4.32,mm/s
2026-05-01 15:00:00,temperature,20.13,摄氏度
2026-05-01 15:00:00,pressure,0.82,MPa
2026-05-01 15:00:00,vibration,0.6,mm/s
2026-05-01 15:01:00,temperature,85.36,摄氏度
2026-05-01 15:01:00,pressure,0.89,MPa
2026-05-01 15:01:00,vibration,1.84,mm/s
2026-05-01 15:02:00,temperature,22.5,摄氏度
2026-05-01 15:02:00,pressure,1.03,MPa
2026-05-01 15:02:00,vibration,3.33,mm/s
2026-05-01 15:03:00,temperature,29.56,摄氏度
2026-05-01 15:03:00,pressure,1.04,MPa
2026-05-01 15:03:00,vibration,0.07,mm/s
2026-05-01 15:04:00,temperature,21.81,摄氏度
2026-05-01 15:04:00,pressure,1.1,MPa
2026-05-01 15:04:00,vibration,16.12,mm/s
2026-05-01 15:05:00,temperature,28.37,摄氏度
2026-05-01 15:05:00,pressure,0.96,MPa
2026-05-01 15:05:00,vibration,0.76,mm/s
2026-05-01 15:06:00,temperature,23.83,摄氏度
2026-05-01 15:06:00,pressure,1.14,MPa
2026-05-01 15:06:00,vibration,1.38,mm/s
2026-05-01 15:07:00,temperature,33.54,摄氏度
2026-05-01 15:07:00,pressure,1.15,MPa
2026-05-01 15:07:00,vibration,1.63,mm/s
2026-05-01 15:08:00,temperature,21.14,摄氏度
2026-05-01 15:08:00,pressure,1.18,MPa
2026-05-01 15:08:00,vibration,4.53,mm/s
2026-05-01 15:09:00,temperature,25.06,摄氏度
2026-05-01 15:09:00,pressure,1.0,MPa
2026-05-01 15:09:00,vibration,0.7,mm/s
2026-05-01 15:10:00,temperature,33.66,摄氏度
2026-05-01 15:10:00,pressure,1.04,MPa
2026-05-01 15:10:00,vibration,3.56,mm/s
2026-05-01 15:11:00,temperature,29.32,摄氏度
2026-05-01 15:11:00,pressure,2.9,MPa
2026-05-01 15:11:00,vibration,2.35,mm/s
2026-05-01 15:12:00,temperature,34.62,摄氏度
2026-05-01 15:12:00,pressure,1.04,MPa
2026-05-01 15:12:00,vibration,4.01,mm/s
2026-05-01 15:13:00,temperature,23.41,摄氏度
2026-05-01 15:13:00,pressure,1.12,MPa
2026-05-01 15:13:00,vibration,0.67,mm/s
2026-05-01 15:14:00,temperature,27.51,摄氏度
2026-05-01 15:14:00,pressure,1.09,MPa
2026-05-01 15:14:00,vibration,15.75,mm/s
2026-05-01 15:15:00,temperature,33.09,摄氏度
2026-05-01 15:15:00,pressure,1.2,MPa
2026-05-01 15:15:00,vibration,0.23,mm/s
2026-05-01 15:16:00,temperature,25.65,摄氏度
2026-05-01 15:16:00,pressure,1.19,MPa
2026-05-01 15:16:00,vibration,2.21,mm/s
2026-05-01 15:17:00,temperature,33.14,摄氏度
2026-05-01 15:17:00,pressure,0.89,MPa
2026-05-01 15:17:00,vibration,1.0,mm/s
2026-05-01 15:18:00,temperature,21.74,摄氏度
2026-05-01 15:18:00,pressure,2.35,MPa
2026-05-01 15:18:00,vibration,2.55,mm/s
2026-05-01 15:19:00,temperature,28.49,摄氏度
2026-05-01 15:19:00,pressure,0.87,MPa
2026-05-01 15:19:00,vibration,2.53,mm/s
2026-05-01 15:20:00,temperature,21.67,摄氏度
2026-05-01 15:20:00,pressure,0.88,MPa
2026-05-01 15:20:00,vibration,2.22,mm/s
2026-05-01 15:21:00,temperature,26.32,摄氏度
2026-05-01 15:21:00,pressure,1.15,MPa
2026-05-01 15:21:00,vibration,0.24,mm/s
2026-05-01 15:22:00,temperature,81.51,摄氏度
2026-05-01 15:22:00,pressure,0.99,MPa
2026-05-01 15:22:00,vibration,2.65,mm/s
2026-05-01 15:23:00,temperature,21.82,摄氏度
2026-05-01 15:23:00,pressure,1.03,MPa
2026-05-01 15:23:00,vibration,1.9,mm/s
2026-05-01 15:24:00,temperature,25.79,摄氏度
2026-05-01 15:24:00,pressure,1.16,MPa
2026-05-01 15:24:00,vibration,1.63,mm/s
2026-05-01 15:25:00,temperature,22.04,摄氏度
2026-05-01 15:25:00,pressure,1.11,MPa
2026-05-01 15:25:00,vibration,3.54,mm/s
2026-05-01 15:26:00,temperature,93.94,摄氏度
2026-05-01 15:26:00,pressure,0.83,MPa
2026-05-01 15:26:00,vibration,4.14,mm/s
2026-05-01 15:27:00,temperature,25.02,摄氏度
2026-05-01 15:27:00,pressure,0.86,MPa
2026-05-01 15:27:00,vibration,1.14,mm/s
2026-05-01 15:28:00,temperature,34.51,摄氏度
2026-05-01 15:28:00,pressure,0.95,MPa
2026-05-01 15:28:00,vibration,3.38,mm/s
2026-05-01 15:29:00,temperature,31.37,摄氏度
2026-05-01 15:29:00,pressure,0.89,MPa
2026-05-01 15:29:00,vibration,0.02,mm/s
2026-05-01 15:30:00,temperature,29.09,摄氏度
2026-05-01 15:30:00,pressure,1.16,MPa
2026-05-01 15:30:00,vibration,0.44,mm/s
2026-05-01 15:31:00,temperature,26.63,摄氏度
2026-05-01 15:31:00,pressure,1.07,MPa
2026-05-01 15:31:00,vibration,3.84,mm/s
2026-05-01 15:32:00,temperature,23.2,摄氏度
2026-05-01 15:32:00,pressure,1.03,MPa
2026-05-01 15:32:00,vibration,3.83,mm/s
2026-05-01 15:33:00,temperature,26.19,摄氏度
2026-05-01 15:33:00,pressure,0.98,MPa
2026-05-01 15:33:00,vibration,2.04,mm/s
2026-05-01 15:34:00,temperature,20.78,摄氏度
2026-05-01 15:34:00,pressure,0.85,MPa
2026-05-01 15:34:00,vibration,1.58,mm/s
2026-05-01 15:35:00,temperature,21.54,摄氏度
2026-05-01 15:35:00,pressure,0.93,MPa
2026-05-01 15:35:00,vibration,0.7,mm/s
2026-05-01 15:36:00,temperature,24.33,摄氏度
2026-05-01 15:36:00,pressure,0.91,MPa
2026-05-01 15:36:00,vibration,2.13,mm/s
2026-05-01 15:37:00,temperature,21.33,摄氏度
2026-05-01 15:37:00,pressure,2.21,MPa
2026-05-01 15:37:00,vibration,1.02,mm/s
2026-05-01 15:38:00,temperature,30.22,摄氏度
2026-05-01 15:38:00,pressure,0.91,MPa
2026-05-01 15:38:00,vibration,4.98,mm/s
2026-05-01 15:39:00,temperature,27.16,摄氏度
2026-05-01 15:39:00,pressure,0.93,MPa
2026-05-01 15:39:00,vibration,1.58,mm/s
2026-05-01 15:40:00,temperature,34.45,摄氏度
2026-05-01 15:40:00,pressure,0.82,MPa
2026-05-01 15:40:00,vibration,0.4,mm/s
2026-05-01 15:41:00,temperature,24.73,摄氏度
2026-05-01 15:41:00,pressure,0.88,MPa
2026-05-01 15:41:00,vibration,1.67,mm/s
2026-05-01 15:42:00,temperature,22.22,摄氏度
2026-05-01 15:42:00,pressure,0.99,MPa
2026-05-01 15:42:00,vibration,4.15,mm/s
2026-05-01 15:43:00,temperature,27.4,摄氏度
2026-05-01 15:43:00,pressure,0.94,MPa
2026-05-01 15:43:00,vibration,2.75,mm/s
2026-05-01 15:44:00,temperature,34.42,摄氏度
2026-05-01 15:44:00,pressure,1.05,MPa
2026-05-01 15:44:00,vibration,2.55,mm/s
2026-05-01 15:45:00,temperature,33.09,摄氏度
2026-05-01 15:45:00,pressure,1.13,MPa
2026-05-01 15:45:00,vibration,0.48,mm/s
2026-05-01 15:46:00,temperature,24.19,摄氏度
2026-05-01 15:46:00,pressure,0.99,MPa
2026-05-01 15:46:00,vibration,23.41,mm/s
2026-05-01 15:47:00,temperature,23.39,摄氏度
2026-05-01 15:47:00,pressure,0.93,MPa
2026-05-01 15:47:00,vibration,4.98,mm/s
2026-05-01 15:48:00,temperature,25.21,摄氏度
2026-05-01 15:48:00,pressure,1.02,MPa
2026-05-01 15:48:00,vibration,4.4,mm/s
2026-05-01 15:49:00,temperature,26.58,摄氏度
2026-05-01 15:49:00,pressure,1.06,MPa
2026-05-01 15:49:00,vibration,4.58,mm/s
2026-05-01 15:50:00,temperature,23.19,摄氏度
2026-05-01 15:50:00,pressure,0.87,MPa
2026-05-01 15:50:00,vibration,3.13,mm/s
2026-05-01 15:51:00,temperature,30.62,摄氏度
2026-05-01 15:51:00,pressure,0.8,MPa
2026-05-01 15:51:00,vibration,4.95,mm/s
2026-05-01 15:52:00,temperature,27.75,摄氏度
2026-05-01 15:52:00,pressure,0.9,MPa
2026-05-01 15:52:00,vibration,4.03,mm/s
2026-05-01 15:53:00,temperature,31.77,摄氏度
2026-05-01 15:53:00,pressure,1.08,MPa
2026-05-01 15:53:00,vibration,4.94,mm/s
2026-05-01 15:54:00,temperature,21.77,摄氏度
2026-05-01 15:54:00,pressure,0.98,MPa
2026-05-01 15:54:00,vibration,3.22,mm/s
2026-05-01 15:55:00,temperature,23.77,摄氏度
2026-05-01 15:55:00,pressure,1.11,MPa
2026-05-01 15:55:00,vibration,21.16,mm/s
2026-05-01 15:56:00,temperature,25.96,摄氏度
2026-05-01 15:56:00,pressure,1.0,MPa
2026-05-01 15:56:00,vibration,1.3,mm/s
2026-05-01 15:57:00,temperature,22.29,摄氏度
2026-05-01 15:57:00,pressure,1.14,MPa
2026-05-01 15:57:00,vibration,21.12,mm/s
2026-05-01 15:58:00,temperature,33.88,摄氏度
2026-05-01 15:58:00,pressure,0.99,MPa
2026-05-01 15:58:00,vibration,18.48,mm/s
2026-05-01 15:59:00,temperature,27.03,摄氏度
2026-05-01 15:59:00,pressure,0.95,MPa
2026-05-01 15:59:00,vibration,0.97,mm/s
2026-05-01 16:00:00,temperature,22.69,摄氏度
2026-05-01 16:00:00,pressure,0.9,MPa
2026-05-01 16:00:00,vibration,1.15,mm/s
2026-05-01 16:01:00,temperature,25.96,摄氏度
2026-05-01 16:01:00,pressure,1.03,MPa
2026-05-01 16:01:00,vibration,4.09,mm/s
2026-05-01 16:02:00,temperature,21.31,摄氏度
2026-05-01 16:02:00,pressure,0.81,MPa
2026-05-01 16:02:00,vibration,2.59,mm/s
2026-05-01 16:03:00,temperature,20.81,摄氏度
2026-05-01 16:03:00,pressure,0.8,MPa
2026-05-01 16:03:00,vibration,4.06,mm/s
2026-05-01 16:04:00,temperature,27.89,摄氏度
2026-05-01 16:04:00,pressure,1.0,MPa
2026-05-01 16:04:00,vibration,1.48,mm/s
2026-05-01 16:05:00,temperature,33.12,摄氏度
2026-05-01 16:05:00,pressure,0.97,MPa
2026-05-01 16:05:00,vibration,4.52,mm/s
2026-05-01 16:06:00,temperature,26.81,摄氏度
2026-05-01 16:06:00,pressure,0.89,MPa
2026-05-01 16:06:00,vibration,0.03,mm/s
2026-05-01 16:07:00,temperature,21.42,摄氏度
2026-05-01 16:07:00,pressure,0.95,MPa
2026-05-01 16:07:00,vibration,4.25,mm/s
2026-05-01 16:08:00,temperature,25.53,摄氏度
2026-05-01 16:08:00,pressure,2.09,MPa
2026-05-01 16:08:00,vibration,3.51,mm/s
2026-05-01 16:09:00,temperature,25.69,摄氏度
2026-05-01 16:09:00,pressure,1.19,MPa
2026-05-01 16:09:00,vibration,4.26,mm/s
2026-05-01 16:10:00,temperature,22.84,摄氏度
2026-05-01 16:10:00,pressure,0.96,MPa
2026-05-01 16:10:00,vibration,3.04,mm/s
2026-05-01 16:11:00,temperature,32.85,摄氏度
2026-05-01 16:11:00,pressure,1.06,MPa
2026-05-01 16:11:00,vibration,0.59,mm/s
2026-05-01 16:12:00,temperature,26.73,摄氏度
2026-05-01 16:12:00,pressure,0.99,MPa
2026-05-01 16:12:00,vibration,1.54,mm/s
2026-05-01 16:13:00,temperature,25.65,摄氏度
2026-05-01 16:13:00,pressure,1.05,MPa
2026-05-01 16:13:00,vibration,3.99,mm/s
2026-05-01 16:14:00,temperature,34.06,摄氏度
2026-05-01 16:14:00,pressure,0.97,MPa
2026-05-01 16:14:00,vibration,2.65,mm/s
2026-05-01 16:15:00,temperature,24.99,摄氏度
2026-05-01 16:15:00,pressure,1.11,MPa
2026-05-01 16:15:00,vibration,1.47,mm/s
2026-05-01 16:16:00,temperature,24.71,摄氏度
2026-05-01 16:16:00,pressure,2.53,MPa
2026-05-01 16:16:00,vibration,0.19,mm/s
2026-05-01 16:17:00,temperature,29.16,摄氏度
2026-05-01 16:17:00,pressure,0.88,MPa
2026-05-01 16:17:00,vibration,17.55,mm/s
2026-05-01 16:18:00,temperature,21.08,摄氏度
2026-05-01 16:18:00,pressure,0.94,MPa
2026-05-01 16:18:00,vibration,2.03,mm/s
2026-05-01 16:19:00,temperature,29.57,摄氏度
2026-05-01 16:19:00,pressure,1.01,MPa
2026-05-01 16:19:00,vibration,3.04,mm/s
